{"cameraMode":{"drawMode":2,"name":"Shaded Wireframe","section":"Shading Mode"},"sceneLighting":true,"audioPlay":false,"sceneViewState":{"showFog":true,"showMaterialUpdate":false,"showSkybox":true,"showFlares":true,"showImageEffects":true,"showParticleSystems":true},"in2DMode":false,"pivot":{"x":13.270609855651856,"y":38.465518951416019,"z":-35.738311767578128},"rotation":{"x":0.1363786906003952,"y":0.02081720530986786,"z":-0.0025316469836980106,"w":0.9905470609664917},"size":7.1749982833862309,"orthographic":false}