{"cameraMode":{"drawMode":0,"name":"Shaded","section":"Shading Mode"},"sceneLighting":false,"audioPlay":false,"sceneViewState":{"showFog":true,"showMaterialUpdate":false,"showSkybox":true,"showFlares":true,"showImageEffects":true,"showParticleSystems":true},"in2DMode":false,"pivot":{"x":16.202953338623048,"y":21.32830047607422,"z":-23.599254608154298},"rotation":{"x":-0.07574398070573807,"y":0.9946267008781433,"z":-0.0038068939466029407,"w":-0.088857002556324},"size":10.0,"orthographic":false}