{"cameraMode":{"drawMode":0,"name":"Shaded","section":"Shading Mode"},"sceneLighting":false,"audioPlay":false,"sceneViewState":{"showFog":true,"showMaterialUpdate":false,"showSkybox":true,"showFlares":true,"showImageEffects":true,"showParticleSystems":true},"in2DMode":false,"pivot":{"x":-46.193668365478519,"y":7.31635046005249,"z":21.492725372314454},"rotation":{"x":0.18803705275058747,"y":-0.6369032263755798,"z":-0.06731399893760681,"w":-0.7466250658035278},"size":12.461819648742676,"orthographic":false}