{"cameraMode":{"drawMode":0,"name":"Shaded","section":"Shading Mode"},"sceneLighting":false,"audioPlay":false,"sceneViewState":{"showFog":true,"showMaterialUpdate":false,"showSkybox":true,"showFlares":true,"showImageEffects":true,"showParticleSystems":true},"in2DMode":false,"pivot":{"x":22.073505401611329,"y":48.483482360839847,"z":-4.969854354858398},"rotation":{"x":-0.46696028113365176,"y":-0.01819157414138317,"z":-0.09307783842086792,"w":0.8808519840240479},"size":12.461819648742676,"orthographic":false}