{"cameraMode":{"drawMode":0,"name":"Shaded","section":"Shading Mode"},"sceneLighting":false,"audioPlay":false,"sceneViewState":{"showFog":true,"showMaterialUpdate":false,"showSkybox":true,"showFlares":true,"showImageEffects":true,"showParticleSystems":true},"in2DMode":false,"pivot":{"x":131.12017822265626,"y":52.71474838256836,"z":-49.20225143432617},"rotation":{"x":-0.008791171945631504,"y":0.6251928806304932,"z":0.04905160143971443,"w":-0.7803769707679749},"size":10.0,"orthographic":false}