{"cameraMode":{"drawMode":0,"name":"Shaded","section":"Shading Mode"},"sceneLighting":false,"audioPlay":false,"sceneViewState":{"showFog":true,"showMaterialUpdate":false,"showSkybox":true,"showFlares":true,"showImageEffects":true,"showParticleSystems":true},"in2DMode":false,"pivot":{"x":91.20072937011719,"y":-50.0533447265625,"z":-13.127161026000977},"rotation":{"x":0.18536914885044099,"y":0.69221431016922,"z":-0.2430848479270935,"w":0.6553534865379334},"size":38.45183181762695,"orthographic":false}