{"cameraMode":{"drawMode":0,"name":"Shaded","section":"Shading Mode"},"sceneLighting":false,"audioPlay":false,"sceneViewState":{"showFog":true,"showMaterialUpdate":false,"showSkybox":true,"showFlares":true,"showImageEffects":true,"showParticleSystems":true},"in2DMode":false,"pivot":{"x":89.68462371826172,"y":-7.9868483543396,"z":83.4864273071289},"rotation":{"x":0.0067969742231070999,"y":0.37065446376800539,"z":-0.03555235639214516,"w":0.9291964769363403},"size":38.45183181762695,"orthographic":false}