{"cameraMode":{"drawMode":0,"name":"Shaded","section":"Shading Mode"},"sceneLighting":false,"audioPlay":false,"sceneViewState":{"showFog":true,"showMaterialUpdate":false,"showSkybox":false,"showFlares":true,"showImageEffects":true,"showParticleSystems":true},"in2DMode":false,"pivot":{"x":-0.9167279601097107,"y":3.50430965423584,"z":-2.0982439517974855},"rotation":{"x":0.21131457388401032,"y":0.19781507551670075,"z":-0.04371633380651474,"w":0.956192672252655},"size":0.7371002435684204,"orthographic":false}